insert into Skolar(skolaheiti)values('Tækniskólinn');

insert into Undirskolar(heiti,skolaNumer)values('Byggingatækniskólinn',1);
insert into Undirskolar(heiti,skolaNumer)values('Endurmenntunarskólinn',1);
insert into Undirskolar(heiti,skolaNumer)values('Handverksskólinn',1);
insert into Undirskolar(heiti,skolaNumer)values('Margmiðlunarskólinn',1);
insert into Undirskolar(heiti,skolaNumer)values('Meistaraskólinn',1);
insert into Undirskolar(heiti,skolaNumer)values('Raftækniskólinn',1);
insert into Undirskolar(heiti,skolaNumer)values('Skipstjórnarskólinn',1);
insert into Undirskolar(heiti,skolaNumer)values('Tækniakademían',1);
insert into Undirskolar(heiti,skolaNumer)values('Tæknimenntaskólinn',1);
insert into Undirskolar(heiti,skolaNumer)values('Upplýsingatækniskólinn',1);
insert into Undirskolar(heiti,skolaNumer)values('Vefskólinn',1);
insert into Undirskolar(heiti,skolaNumer)values('Véltækniskólinn',1);

insert into Brautir(heitiBrautar,tilheyrir)values('Bókband',10);
insert into Brautir(heitiBrautar,tilheyrir)values('Grafísk miðlun',10);
insert into Brautir(heitiBrautar,tilheyrir)values('Grunnnám upplýsinga- og fjölmiðlagreina',10);
insert into Brautir(heitiBrautar,tilheyrir)values('K2 - Stúdentsleið',10);
insert into Brautir(heitiBrautar,tilheyrir)values('Ljósmyndun',10);
insert into Brautir(heitiBrautar,tilheyrir)values('Prentiðn',10);
insert into Brautir(heitiBrautar,tilheyrir)values('Tölvubraut - stúdentspróf',10);
insert into Brautir(heitiBrautar,tilheyrir)values('Grunnnám tölvubraut - dreifnám',10);
insert into Brautir(heitiBrautar,tilheyrir)values('Grunnnám upplýsinga- og fjölmiðlagreina - dreifnám',10);

insert into Afangar(afangaNumer,afangaHeiti)values('DANS2BM05AT','Danska');
insert into Afangar(afangaNumer,afangaHeiti)values('ENSK2AE05AT','Enska 1');
insert into Afangar(afangaNumer,afangaHeiti)values('ENSK2OF05BT','Enska 2');
insert into Afangar(afangaNumer,afangaHeiti)values('EÐLI2GR05BT','Eðlisfræði');
insert into Afangar(afangaNumer,afangaHeiti)values('FORR1FG05AU','Forritun Grunnur 1');
insert into Afangar(afangaNumer,afangaHeiti)values('FORR2FA05BU','Forritun Grunnur 2');
insert into Afangar(afangaNumer,afangaHeiti)values('FORR2HF05CU','Forritun Grunnur 3');
insert into Afangar(afangaNumer,afangaHeiti)values('GAGN1NG05AU','Gagnanotkun');
insert into Afangar(afangaNumer,afangaHeiti)values('KEST1TR05AU','Kerfisstjórnun 1');
insert into Afangar(afangaNumer,afangaHeiti)values('KEST2UN05CU','Kerfisstjórnun 2 Linux');
insert into Afangar(afangaNumer,afangaHeiti)values('KEST2VJ05BU','Kerfisstjórnun 3 Windows');
insert into Afangar(afangaNumer,afangaHeiti)values('LÍFS1GR05AT','Lífsleikni');
insert into Afangar(afangaNumer,afangaHeiti)values('MENL1AL05AT','Menningarlæsi');
insert into Afangar(afangaNumer,afangaHeiti)values('STÆR2AH05BT','Stærðfræði 1');
insert into Afangar(afangaNumer,afangaHeiti)values('STÆR2BR05AT','Stærðfræði 2');
insert into Afangar(afangaNumer,afangaHeiti)values('STÆR3FM05DT','Stærðfræði 3');
insert into Afangar(afangaNumer,afangaHeiti)values('STÆR3FV05ET','Stærðfræði 4');
insert into Afangar(afangaNumer,afangaHeiti)values('STÆR3RV05CT','Stærðfræði 5');
insert into Afangar(afangaNumer,afangaHeiti)values('STÆR4HT05FT','Stærðfræði 6');
insert into Afangar(afangaNumer,afangaHeiti)values('VEFÞ1VG05AU','Vefþróun 1 HTML5');
insert into Afangar(afangaNumer,afangaHeiti)values('VEFÞ2VF05CU','Vefþróun 2 CSS');
insert into Afangar(afangaNumer,afangaHeiti)values('VEFÞ2VH05BU','Vefþróun 3 JavaScript');
insert into Afangar(afangaNumer,afangaHeiti)values('ÍSLE2AA05AT','Íslenska 1');
insert into Afangar(afangaNumer,afangaHeiti)values('ÍSLE2GO05BT','Íslenska 2');
insert into Afangar(afangaNumer,afangaHeiti)values('ÍÞRÓ1GH02AT','Íþróttir 1');
insert into Afangar(afangaNumer,afangaHeiti)values('ÍÞRÓ1LA01AT','Íþróttir 2');
insert into Afangar(afangaNumer,afangaHeiti)values('ÍÞRÓ1LB01BT','Íþróttir 3');
insert into Afangar(afangaNumer,afangaHeiti)values('ÍÞRÓ1LC01CT','Íþróttir 4');
insert into Afangar(afangaNumer,afangaHeiti)values('FORK2FE02AU','Forritun 1');
insert into Afangar(afangaNumer,afangaHeiti)values('FORK2FT02BU','Forritun 2');
insert into Afangar(afangaNumer,afangaHeiti)values('FORK2FÞ02CU','Forritun 3');
insert into Afangar(afangaNumer,afangaHeiti)values('FORR2GL05DU','Leikjaforritun 1');
insert into Afangar(afangaNumer,afangaHeiti)values('FORR3CG05DU','Forritun 4');
insert into Afangar(afangaNumer,afangaHeiti)values('FORR3FL05EU','Leikjaforritun 2');
insert into Afangar(afangaNumer,afangaHeiti)values('FORR3FV05EU','Forritun 5');
insert into Afangar(afangaNumer,afangaHeiti)values('FORR3JS05DU','Forritun 6');
insert into Afangar(afangaNumer,afangaHeiti)values('FORR3NÞ05DU','Forritun 7');
insert into Afangar(afangaNumer,afangaHeiti)values('FORR3RR05DU','Forritun 8');
insert into Afangar(afangaNumer,afangaHeiti)values('FORR4CF05EU','Forritun 9');
insert into Afangar(afangaNumer,afangaHeiti)values('GAGN2HS05BU','Gagnasafnsfræði 1');
insert into Afangar(afangaNumer,afangaHeiti)values('GAGN2VG05CU','Gagnasafnsfræði 2');
insert into Afangar(afangaNumer,afangaHeiti)values('GAGN3GS05DU','Gagnasafnsfræði 3');
insert into Afangar(afangaNumer,afangaHeiti)values('KEST2CG05DU','Kerfisstjórnun CNA 1');
insert into Afangar(afangaNumer,afangaHeiti)values('KEST2LG05DU','Kerfisstjórnun CNA 2');
insert into Afangar(afangaNumer,afangaHeiti)values('KEST2WG05DU','Kerfisstjórnun CNA 3');
insert into Afangar(afangaNumer,afangaHeiti)values('KEST3CN05GU','Kerfisstjórnun CNA 4');
insert into Afangar(afangaNumer,afangaHeiti)values('KEST3CR05EU','Kerfisstjórnun Routing');
insert into Afangar(afangaNumer,afangaHeiti)values('KEST3CS05FU','Kerfisstjórnun 4');
insert into Afangar(afangaNumer,afangaHeiti)values('KEST3LN05EU','Kerfisstjórnun 5');
insert into Afangar(afangaNumer,afangaHeiti)values('KEST3LS05FU','Kerfisstjórnun 6');
insert into Afangar(afangaNumer,afangaHeiti)values('KEST3WN05EU','Kerfisstjórnun 7');
insert into Afangar(afangaNumer,afangaHeiti)values('KEST3WS05FU','Kerfisstjórnun  8');
insert into Afangar(afangaNumer,afangaHeiti)values('ROBO2RG05AU','Þjarkar 1');
insert into Afangar(afangaNumer,afangaHeiti)values('ROBO3RF05BU','Þjarkar 2');
insert into Afangar(afangaNumer,afangaHeiti)values('VEFÞ2VÞ05DU','Vefforritun 1');
insert into Afangar(afangaNumer,afangaHeiti)values('VEFÞ3VL05EU','Vefforritun 2');
insert into Afangar(afangaNumer,afangaHeiti)values('ÍSLE3BF05CT','Íslenska 3');
insert into Afangar(afangaNumer,afangaHeiti)values('ÍSLE3LF05CT','Íslenska 4');
insert into Afangar(afangaNumer,afangaHeiti)values('ÍSLE3NB05CT','Íslenska 5');

insert into AfangaFrambod(brautarNumer,afangaNumer,onnAfanga,skylda)
values(7,'DANS2BM05AT',5,true),
	  (7,'ENSK2AE05AT',1,true),
      (7,'ENSK2OF05BT',2,true),
      (7,'EÐLI2GR05BT',3,true),
      (7,'FORR1FG05AU',1,true),
      (7,'FORR2FA05BU',2,true),
      (7,'FORR2HF05CU',3,true),
      (7,'GAGN1NG05AU',2,true),
      (7,'KEST1TR05AU',1,true),
      (7,'KEST2UN05CU',3,true),
      (7,'KEST2VJ05BU',2,true),
      (7,'LÍFS1GR05AT',1,true),
      (7,'MENL1AL05AT',2,true),
      (7,'STÆR2AH05BT',2,true),
      (7,'STÆR2BR05AT',1,true),
      (7,'STÆR3FM05DT',4,true),
      (7,'STÆR3FV05ET',5,true),
      (7,'STÆR3RV05CT',3,true),
      (7,'STÆR4HT05FT',6,true),
      (7,'VEFÞ1VG05AU',1,true),
      (7,'VEFÞ2VF05CU',2,true),
      (7,'VEFÞ2VH05BU',3,true),
      (7,'ÍSLE2AA05AT',1,true),
      (7,'ÍSLE2GO05BT',2,true),
      (7,'ÍÞRÓ1GH02AT',1,true),
      (7,'ÍÞRÓ1LA01AT',1,true),
      (7,'ÍÞRÓ1LB01BT',2,true),
      (7,'ÍÞRÓ1LC01CT',3,true),
      (7,'FORK2FE02AU',4,false),
      (7,'FORK2FT02BU',5,false),
      (7,'FORK2FÞ02CU',6,false),
      (7,'FORR2GL05DU',5,false),
      (7,'FORR3CG05DU',5,false),
      (7,'FORR3FL05EU',6,false),		
      (7,'FORR3FV05EU',6,false),
      (7,'FORR3JS05DU',5,false),
      (7,'FORR3NÞ05DU',4,false),
      (7,'FORR3RR05DU',4,false),
      (7,'FORR4CF05EU',6,false),
      (7,'GAGN2HS05BU',4,false),
      (7,'GAGN2VG05CU',5,false),
      (7,'GAGN3GS05DU',6,false),
      (7,'KEST2CG05DU',4,false),
      (7,'KEST2LG05DU',4,false),
      (7,'KEST2WG05DU',4,false),
      (7,'KEST3CN05GU',6,false),
      (7,'KEST3CR05EU',5,false),
      (7,'KEST3CS05FU',5,false),
      (7,'KEST3LN05EU',6,false),
      (7,'KEST3LS05FU',5,false),
      (7,'KEST3WN05EU',5,false),
      (7,'KEST3WS05FU',6,false),
      (7,'ROBO2RG05AU',5,false),
      (7,'ROBO3RF05BU',6,false),
      (7,'VEFÞ2VÞ05DU',4,false),
      (7,'VEFÞ3VL05EU',5,false),
      (7,'ÍSLE3BF05CT',3,false),
      (7,'ÍSLE3LF05CT',3,false),
      (7,'ÍSLE3NB05CT',3,false);
      
insert into Undanfarar(undanfaraNumer,afangaNumer,tegund)values('GAGN2HS05BU','GAGN1NG05AU',1);
insert into Undanfarar(undanfaraNumer,afangaNumer,tegund)values('GAGN2VG05CU','GAGN2HS05BU',1);
insert into Undanfarar(undanfaraNumer,afangaNumer,tegund)values('GAGN3GS05DU','GAGN2VG05CU',2);		